Country Name,Country Code,Indicator Name,Indicator Code,2010,2011,2012,2013,2014,2015,2016,2017,2018,2019,2020,2021,2022
Australia,AUS,"Self-employed, total (% of total employment) (modeled ILO estimate)",SL.EMP.SELF.ZS,17.1706953384702,17.5765489903207,16.6683560456588,16.829765784434,16.5959944417401,16.6086378746496,16.9621152422373,16.8818822360916,16.6234785114637,16.8063765003653,16.7013386719001,16.7907061390951,16.5241589891756
Austria,AUT,"Self-employed, total (% of total employment) (modeled ILO estimate)",SL.EMP.SELF.ZS,15.2037565025394,14.471071197857,14.1083992023763,14.1096672358816,14.2000353559587,13.8128002200682,13.4754256675668,13.131233761884,12.7822697702952,12.7756424507145,12.868686813217,12.7331644048992,12.5336053977049
Belgium,BEL,"Self-employed, total (% of total employment) (modeled ILO estimate)",SL.EMP.SELF.ZS,14.3607079700151,14.301468902239,14.3458586686807,15.0793577513736,14.6133120937256,15.1790515250301,14.8308023221284,14.486774173287,14.5781396776752,14.7839715467259,15.4567628062388,14.5087822120722,15.2673929360956
Canada,CAN,"Self-employed, total (% of total employment) (modeled ILO estimate)",SL.EMP.SELF.ZS,15.5373797697853,15.3401104640215,15.2046212822301,15.1937468402224,14.9980201035223,14.9994423334932,14.9480638436383,14.8668846195798,15.0698230641698,14.793832255492,15.1614646338023,14.0025081307423,13.4696652206516
Czechia,CZE,"Self-employed, total (% of total employment) (modeled ILO estimate)",SL.EMP.SELF.ZS,17.7250544549,18.0511317515391,18.4155181035194,17.564166922736,17.9931530474211,17.3385691437302,17.1596497512951,17.1204384822858,16.9441441743836,16.8009610976191,16.8861339495659,15.9507395798579,16.4986305606455
Denmark,DNK,"Self-employed, total (% of total employment) (modeled ILO estimate)",SL.EMP.SELF.ZS,9.15026705978026,9.10040418008781,9.27241682152105,9.12787121870624,8.97040916736187,8.8667634521666,8.78823205454087,8.34040639285405,8.13657537435459,8.33874885632135,8.52100217239152,8.82661576780533,8.26090989394888
Finland,FIN,"Self-employed, total (% of total employment) (modeled ILO estimate)",SL.EMP.SELF.ZS,13.9172568903914,13.0880546696525,13.2262136363216,13.5851101734798,13.0391456459705,14.280142330675,13.7938083208324,13.0119642394497,12.8692260151504,13.1767388043177,13.4375990007687,13.9219092073435,13.4633226526599
France,FRA,"Self-employed, total (% of total employment) (modeled ILO estimate)",SL.EMP.SELF.ZS,11.5255263766123,11.6648466075948,11.4830009615914,11.2729500272241,11.6107160247835,11.5899810324345,11.8137909483003,11.6020607699954,11.6459889107223,12.092951501577,12.4044649233312,12.613508966466,13.1068786768122
Germany,DEU,"Self-employed, total (% of total employment) (modeled ILO estimate)",SL.EMP.SELF.ZS,11.2103232741508,11.7164935721871,11.6062308221147,11.1578239828395,10.9126070865451,10.7089511459393,10.5268037927621,10.2871408220488,9.91918301826442,9.57550688804391,8.87520612030277,8.98560019865245,8.47864963220015
Greece,GRC,"Self-employed, total (% of total employment) (modeled ILO estimate)",SL.EMP.SELF.ZS,35.7415239595386,36.3458237866392,36.7826043269211,37.1274829337478,36.1070757826573,35.0976908414397,34.2330340584486,34.2123634219274,33.6272560069403,32.0429971017365,32.0033824324076,31.8246281559046,30.3435684957129
Hungary,HUN,"Self-employed, total (% of total employment) (modeled ILO estimate)",SL.EMP.SELF.ZS,12.3167767151124,12.1440751055019,11.7341846284234,11.2758280500693,11.3252778533457,11.0081211784842,10.8169742343231,10.3350512795291,10.4948149171436,10.7818244748446,12.0014414909135,12.5563750475215,12.3813879139998
Ireland,IRL,"Self-employed, total (% of total employment) (modeled ILO estimate)",SL.EMP.SELF.ZS,17.2084055513298,16.8134425757133,16.8285323088785,17.0190914980626,16.8046007848504,16.4654295419175,16.2300994640063,15.4410683516529,15.0157203526873,14.3986353153855,14.5218582032361,14.1653782521181,14.0228629474157
Italy,ITA,"Self-employed, total (% of total employment) (modeled ILO estimate)",SL.EMP.SELF.ZS,25.2753210907052,25.037580006089,24.9061958207022,24.8211889709499,24.6796429994941,24.3794788546369,23.9349946521859,23.1998164600116,22.9897261360892,22.8054308787621,22.5673173171751,21.831822526204,21.4241558914263
Japan,JPN,"Self-employed, total (% of total employment) (modeled ILO estimate)",SL.EMP.SELF.ZS,12.1059867459627,11.6872128000153,11.5759803884027,11.3451601364137,11.2246554426031,10.8641813221806,10.4649389422466,10.2892208163606,10.162799903346,9.93230946039255,9.88143208529278,10.3519362892042,9.54297846201141
"Korea, Rep.",KOR,"Self-employed, total (% of total employment) (modeled ILO estimate)",SL.EMP.SELF.ZS,27.5783940093955,27.1156269478906,27.0946568689204,26.4707737373045,25.9975890354182,25.8513584185642,25.5062897716809,25.4032106995074,25.1202199761565,24.6369882462759,24.4281285848952,23.9056400346632,23.4516781029115
Netherlands,NLD,"Self-employed, total (% of total employment) (modeled ILO estimate)",SL.EMP.SELF.ZS,13.3762050956285,13.5784786433064,13.7484808385374,14.6362434257332,14.8504617976227,14.9812930529969,14.9226988674258,14.754565587975,14.7819580582765,14.6198405863595,15.8923821617533,15.812183599525,16.6549930410949
Norway,NOR,"Self-employed, total (% of total employment) (modeled ILO estimate)",SL.EMP.SELF.ZS,6.26175625791669,6.4188505659369,5.74561329294912,5.7239344545731,6.20289668390434,5.94096686706776,5.80484745208048,5.48099253474384,5.31958654359545,5.17276675026463,4.94013834233163,4.85995446175188,5.01366032083038
Poland,POL,"Self-employed, total (% of total employment) (modeled ILO estimate)",SL.EMP.SELF.ZS,27.5472314353112,27.3263717434776,26.79524967444,26.1533399996515,25.5819943844271,25.3967326034696,24.8082862918601,24.4145487865033,24.197324198206,23.8439387643135,24.3158676718173,22.8439772231825,21.6355997752853
Portugal,PRT,"Self-employed, total (% of total employment) (modeled ILO estimate)",SL.EMP.SELF.ZS,21.8321288734027,20.3081166812003,20.8343009773002,20.6365918480548,18.4673371300187,17.1707184808664,16.5455432021458,15.8495026567094,15.5125878851608,15.7547493204837,15.6941427868262,15.6139250519726,15.1910932986125
Slovak Republic,SVK,"Self-employed, total (% of total employment) (modeled ILO estimate)",SL.EMP.SELF.ZS,16.3167930619363,16.2830960656086,15.8101162756742,15.9052409125337,15.4763991078302,15.4991921374931,15.7818445734613,15.5774841616347,15.1542855536788,15.3705475769463,15.2617334817761,14.9387898643704,15.0074812022955
Spain,ESP,"Self-employed, total (% of total employment) (modeled ILO estimate)",SL.EMP.SELF.ZS,16.864980256912,16.4597719053848,17.0612877805369,17.4828051720092,17.9388877829959,17.40342173019,16.6753384364512,16.6931721975002,16.1005309246855,15.7441773669392,16.1348971046075,16.1338505923876,15.3741425648339
Sweden,SWE,"Self-employed, total (% of total employment) (modeled ILO estimate)",SL.EMP.SELF.ZS,11.7522237446046,11.2208240233698,11.253328484703,11.3920469780948,11.1369867189127,11.0602917630092,10.7925518556294,10.6608155386657,10.5193404972646,10.6505535199021,10.7245579735581,10.6443631594537,10.4526482740139
Switzerland,CHE,"Self-employed, total (% of total employment) (modeled ILO estimate)",SL.EMP.SELF.ZS,15.7099064488529,15.4877517261535,15.3330472486213,15.40912749183,15.243249473823,14.9750775966468,15.0059826949823,15.0034608093179,14.7367960466879,14.3282617732445,14.2891040063129,15.645563990124,16.3726444384196
United Kingdom,GBR,"Self-employed, total (% of total employment) (modeled ILO estimate)",SL.EMP.SELF.ZS,14.0038339475992,14.185326347085,14.6623359344098,14.4210983564056,15.2470879587449,14.9832126984449,15.2549287869483,15.3529444422169,15.0907369588321,15.0138954061891,14.5170667941765,13.5845092740903,13.3065195405201
United States,USA,"Self-employed, total (% of total employment) (modeled ILO estimate)",SL.EMP.SELF.ZS,7.49284618006348,7.26802802817095,7.20093267817718,7.04243687408331,6.89345736121874,6.89210704915655,6.8343905521016,6.70000317568203,6.7287232014761,6.54157663221395,6.30664592733845,6.58341512387534,6.28358156290766
